{
    "name": "Cougar HE",
    "basePrice": 5000,
    "modifications": {
        "Camo": [
            { "name": "Aircraft Green", "price": 0 },
            { "name": "Sand", "price": 0 }
        ],
        "Config": [
            { "name": "Stock", "price": 0 }
        ],
        "Roof": [
            { "name": "HMMWV weapon station (hatch cover)", "price": 200 },
            { "name": "HMMWV weapon station (M2A1)", "price": 200 },
            { "name": "HMMWV weapon station (M240B)", "price": 200 },
            { "name": "O-GPK (M240B)", "price": 200 },
            { "name": "O-GPK (M240B with overhead protection)", "price": 200 },
            { "name": "O-GPK (M2A1)", "price": 200 },
            { "name": "O-GPK (M2A1 with overhead protection)", "price": 200 }
        ],
        "Detail": [
            { "name": "Stock", "price": 0 },
            { "name": "AN/VLQ-12 CREW Duke", "price": 0 },
            { "name": "Patrol", "price": 0 }
        ]
    }
}