{
    "name": "M1038",
    "basePrice": 5000,
    "modifications": {
        "Camo": [
            { "name": "FS 34094 (Green)", "price": 0 },
            { "name": "Alpine", "price": 0 },
            { "name": "FS 33531 (Sand)", "price": 0 },
            { "name": "NATO scheme", "price": 0 }
        ],
        "Config": [
            { "name": "Stock", "price": 0 },
            { "name": "Canopy-Transport", "price": 0 },
            { "name": "Canopy-Cargo", "price": 0 },
            { "name": "Open-Cargo", "price": 0 },
            { "name": "Armored-Up", "price": 0 },
            { "name": "Open-Transport", "price": 0 },
            { "name": "No Door-Transport", "price": 0 }
        ],
        "Detail": [
            { "name": "Kit A", "price": 0 },
            { "name": "Kit B", "price": 0 },
            { "name": "Kit C", "price": 0 },
            { "name": "Kit D", "price": 0 },
            { "name": "Kit E", "price": 0 }
        ],
        "Back": [
            { "name": "M6 pedestral mount (M2A1)", "price": 2000 },
            { "name": "M6 pedestral mount (M240B)", "price": 2000 }
        ]
    }
}