{
    "name": "M1126 ICV",
    "basePrice": 5000,
    "modifications": {
        "Camo": [
            { "name": "FS 34094 (Green)", "price": 0 },
            { "name": "Alpine", "price": 10 },
            { "name": "NATO scheme", "price": 0 }
        ],
        "Config": [
            { "name": "N/A", "price": 0 },
            { "name": "Slat armor cage", "price": 0 }
        ],
        "Roof": [
            { "name": "N/A", "price": 0 },
            { "name": "M153 CROWS II (M2A1)", "price": 5900 }
        ],
        "Extra": [
            { "name": "N/A", "price": 0 },
            { "name": "CIP + AN/VLQ-12 CREW Duke", "price": 0 }
        ]
    }
}