{
    "name": "Tigr-M RWS",
    "basePrice": 5000,
    "modifications": {
        "Camo": [
            { "name": "Protective Green", "price": 0 },
            { "name": "Protective Woodlant mix", "price": 250 }
        ],
        "Config": [
            { "name": "STS", "price": 0 },
            { "name": "AMN upgrade", "price": 0 }
        ],
        "Extra": [
            { "name": "N/A", "price": 0 },
            { "name": "Assault kit", "price": 350 },
            { "name": "Communications kit", "price": 450 },
            { "name": "Communications + assault Kit", "price": 850 }
        ],
        "Roof": [
            { "name": "No weapon", "price": 0 },
            { "name": "Arbalet-DM", "price": 4500 }
        ]
    }
}