{
    "name": "Tigr-M SPN",
    "basePrice": 5000,
    "modifications": {
        "Camo": [
            { "name": "Protective green", "price": 0 },
            { "name": "Protective Woodlant mix", "price": 250 }
        ],
        "Config": [
            { "name": "STS stock", "price": 0 },
            { "name": "AMN upgrade", "price": 500 },
            { "name": "STS troops", "price": 200 },
            { "name": "AMN troops upgrade", "price": 700 }
        ],
        "Extra": [
            { "name": "N/A", "price": 0 },
            { "name": "Assault kit", "price": 350 },
            { "name": "Communications kit", "price": 450 }
        ],
        "Roof": [
            { "name": "None", "price": 0 },
            { "name": "PKP", "price": 1000 },
            { "name": "PKP + gunner protection", "price": 2500 },
            { "name": "6P49", "price": 1500 },
            { "name": "6P49 + gunner protection", "price": 3400 }
        ]
    }
}