{
    "name": "VBMR VTT",
    "basePrice": 5000,
    "modifications": {
        "Camo": [
            { "name": "NATO scheme", "price": 0 },
            { "name": "Winter", "price": 0 },
            { "name": "Desert", "price": 0 }
        ],
        "Config": [
            { "name": "Stock", "price": 0 },
            { "name": "Heavy", "price": 2500 }
        ],
        "Camonet": [
            { "name": "None", "price": 0 },
            { "name": "Camonet", "price": 10 }
        ]
    }
}